# Netlify Redirects - Clean URLs (no .html extensions)

# Service pages - pretty URLs
/services/channel-letters      /services/channel-letters.html    200
/services/monument-signs       /services/monument-signs.html     200
/services/pylon-signs          /services/pylon-signs.html        200
/services/led-signs            /services/led-signs.html          200
/services/awnings-canopies     /services/awnings-canopies.html   200
/services/vehicle-wraps        /services/vehicle-wraps.html      200

# Trailing slash versions
/services/channel-letters/     /services/channel-letters.html    200
/services/monument-signs/      /services/monument-signs.html     200
/services/pylon-signs/         /services/pylon-signs.html        200
/services/led-signs/           /services/led-signs.html          200
/services/awnings-canopies/    /services/awnings-canopies.html   200
/services/vehicle-wraps/       /services/vehicle-wraps.html      200

# Industry pages
/industries/retail-signs       /industries/retail-signs.html      200
/industries/retail-signs/      /industries/retail-signs.html      200
/industries/restaurant-signs   /industries/restaurant-signs.html  200
/industries/restaurant-signs/  /industries/restaurant-signs.html  200
/industries/healthcare-signs   /industries/healthcare-signs.html  200
/industries/healthcare-signs/  /industries/healthcare-signs.html  200
/industries/corporate-signs    /industries/corporate-signs.html   200
/industries/corporate-signs/   /industries/corporate-signs.html   200
/industries/real-estate-signs  /industries/real-estate-signs.html 200
/industries/real-estate-signs/ /industries/real-estate-signs.html 200

# Location pages
/locations/pennsylvania-signs   /locations/pennsylvania-signs.html   200
/locations/pennsylvania-signs/  /locations/pennsylvania-signs.html   200
/locations/new-jersey-signs     /locations/new-jersey-signs.html     200
/locations/new-jersey-signs/    /locations/new-jersey-signs.html     200
/locations/delaware-signs       /locations/delaware-signs.html       200
/locations/delaware-signs/      /locations/delaware-signs.html       200
/locations/florida-signs        /locations/florida-signs.html        200
/locations/florida-signs/       /locations/florida-signs.html        200

# Landing page redirects
/services                      /services.html                     200
/services/                     /services.html                     200
/portfolio                     /portfolio.html                    200
/portfolio/                    /portfolio.html                    200
/about                         /about.html                        200
/about/                        /about.html                        200
/contact                       /contact.html                      200
/contact/                      /contact.html                      200
/locations                     /locations/pennsylvania-signs.html 200
/locations/                    /locations/pennsylvania-signs.html 200
/industries                    /industries.html                   200
/industries/                   /industries.html                   200

# Blog redirects
/blog                          /latest/                           301
/blog/                         /latest/                           301
/privacy                       /contact.html                      302
/privacy/                      /contact.html                      302
/sitemap                       /                                  302
/sitemap/                      /                                  302
/about/testimonials            /about.html                        302
/about/testimonials/           /about.html                        302

# PA county location redirects -> Pennsylvania page
/locations/bucks-county-signs      /locations/pennsylvania-signs.html  302
/locations/bucks-county-signs/     /locations/pennsylvania-signs.html  302
/locations/montgomery-county-signs /locations/pennsylvania-signs.html  302
/locations/montgomery-county-signs/ /locations/pennsylvania-signs.html 302
/locations/chester-county-signs    /locations/pennsylvania-signs.html  302
/locations/chester-county-signs/   /locations/pennsylvania-signs.html  302
/locations/delaware-county-signs   /locations/pennsylvania-signs.html  302
/locations/delaware-county-signs/  /locations/pennsylvania-signs.html  302
/locations/berks-county-signs      /locations/pennsylvania-signs.html  302
/locations/berks-county-signs/     /locations/pennsylvania-signs.html  302
/locations/lehigh-county-signs     /locations/pennsylvania-signs.html  302
/locations/lehigh-county-signs/    /locations/pennsylvania-signs.html  302
/locations/northampton-county-signs  /locations/pennsylvania-signs.html 302
/locations/northampton-county-signs/ /locations/pennsylvania-signs.html 302
/locations/philadelphia-signs      /locations/pennsylvania-signs.html  302
/locations/philadelphia-signs/     /locations/pennsylvania-signs.html  302
/locations/langhorne-signs         /locations/pennsylvania-signs.html  302
/locations/langhorne-signs/        /locations/pennsylvania-signs.html  302
/locations/newtown-signs           /locations/pennsylvania-signs.html  302
/locations/newtown-signs/          /locations/pennsylvania-signs.html  302
/locations/doylestown-signs        /locations/pennsylvania-signs.html  302
/locations/doylestown-signs/       /locations/pennsylvania-signs.html  302

# Florida location redirects
/locations/south-florida-signs     /locations/florida-signs.html       302
/locations/south-florida-signs/    /locations/florida-signs.html       302

# Missing service page redirects
/services/backlit-signs        /services/led-signs.html           302
/services/backlit-signs/       /services/led-signs.html           302
/services/digital-signs        /services/led-signs.html           302
/services/digital-signs/       /services/led-signs.html           302
/services/lightbox-signs       /services/led-signs.html           302
/services/lightbox-signs/      /services/led-signs.html           302
/services/neon-signs           /services/channel-letters.html     302
/services/neon-signs/          /services/channel-letters.html     302
/services/dimensional-letters  /services/channel-letters.html     302
/services/dimensional-letters/ /services/channel-letters.html     302
/services/storefront-signs     /services/channel-letters.html     302
/services/storefront-signs/    /services/channel-letters.html     302
/services/office-signs         /services/monument-signs.html      302
/services/office-signs/        /services/monument-signs.html      302
/services/wayfinding-signs     /services/monument-signs.html      302
/services/wayfinding-signs/    /services/monument-signs.html      302
/services/property-signs       /services/monument-signs.html      302
/services/property-signs/      /services/monument-signs.html      302
/services/window-graphics      /services/vehicle-wraps.html       302
/services/window-graphics/     /services/vehicle-wraps.html       302
/services/custom-fabrication   /services.html                     302
/services/custom-fabrication/  /services.html                     302
/services/national-sign-programs  /services.html                  302
/services/national-sign-programs/ /services.html                  302
